group,percentile,n_neurons,accuracy,accuracy_delta,success,fail,reject
bad,0.1,1,0.8687,0.000500000000000056,8687,1313,0
bad,0.6,2,0.868,-0.00019999999999997797,8680,1320,0
